run-id,use_vernalisation_fix,crop-id,sim.json,crop.json,site.json,incl_hist,climate_path_to_latlon_file,climate_path_to_csvs,gcm,rcm,scenario,ensmem,version,start_date,end_date,groundwater-level,impenetrable-layer,elevation,slope,latitude,landcover,fertilization,NitrogenResponseOn,irrigation,WaterDeficitResponseOn,EmergenceMoistureControlOn,EmergenceFloodingControlOn,LeafExtensionModifier,CO2,O3,rcp
260111,true,WW,sim.json,crop.json,site.json,true,dwd_core_ensemble,dwd_core_ensemble/csvs_dwd_core_ensemble,MOHC-HadGEM2-ES,KNMI-RACMO22E,rcp26,r1i1p1,v2,1970-01-01,2099-12-31,false,false,true,true,true,false,false,false,false,true,false,false,false,,,rcp26
260112,true,SM,sim.json,crop.json,site.json,true,dwd_core_ensemble,dwd_core_ensemble/csvs_dwd_core_ensemble,MOHC-HadGEM2-ES,KNMI-RACMO22E,rcp26,r1i1p1,v2,1970-01-01,2099-12-31,false,false,true,true,true,false,false,false,false,true,false,false,false,,,rcp26
260211,true,WW,sim.json,crop.json,site.json,true,dwd_core_ensemble,dwd_core_ensemble/csvs_dwd_core_ensemble,MIROC-MIROC5,CLMcom-CCLM4-8-17,rcp26,r1i1p1,v1,1970-01-01,2099-12-31,false,false,true,true,true,false,false,false,false,true,false,false,false,,,rcp26
260212,true,SM,sim.json,crop.json,site.json,true,dwd_core_ensemble,dwd_core_ensemble/csvs_dwd_core_ensemble,MIROC-MIROC5,CLMcom-CCLM4-8-17,rcp26,r1i1p1,v1,1970-01-01,2099-12-31,false,false,true,true,true,false,false,false,false,true,false,false,false,,,rcp26
260311,true,WW,sim.json,crop.json,site.json,true,dwd_core_ensemble,dwd_core_ensemble/csvs_dwd_core_ensemble,ICHEC-EC-EARTH,CLMcom-CCLM4-8-17,rcp26,r12i1p1,v1,1970-01-01,2099-12-31,false,false,true,true,true,false,false,false,false,true,false,false,false,,,rcp26
260312,true,SM,sim.json,crop.json,site.json,true,dwd_core_ensemble,dwd_core_ensemble/csvs_dwd_core_ensemble,ICHEC-EC-EARTH,CLMcom-CCLM4-8-17,rcp26,r12i1p1,v1,1970-01-01,2099-12-31,false,false,true,true,true,false,false,false,false,true,false,false,false,,,rcp26
450111,true,WW,sim.json,crop.json,site.json,true,dwd_core_ensemble,dwd_core_ensemble/csvs_dwd_core_ensemble,ICHEC-EC-EARTH,KNMI-RACMO22E,rcp45,r12i1p1,v1,1970-01-01,2099-12-31,false,false,true,true,true,false,false,false,false,true,false,false,false,,,rcp26
450112,true,SM,sim.json,crop.json,site.json,true,dwd_core_ensemble,dwd_core_ensemble/csvs_dwd_core_ensemble,ICHEC-EC-EARTH,KNMI-RACMO22E,rcp45,r12i1p1,v1,1970-01-01,2099-12-31,false,false,true,true,true,false,false,false,false,true,false,false,false,,,rcp26
450211,true,WW,sim.json,crop.json,site.json,true,dwd_core_ensemble,dwd_core_ensemble/csvs_dwd_core_ensemble,MOHC-HadGEM2-ES,KNMI-RACMO22E,rcp45,r1i1p1,v2,1970-01-01,2099-11-30,false,false,true,true,true,false,false,false,false,true,false,false,false,,,rcp26
450212,true,SM,sim.json,crop.json,site.json,true,dwd_core_ensemble,dwd_core_ensemble/csvs_dwd_core_ensemble,MOHC-HadGEM2-ES,KNMI-RACMO22E,rcp45,r1i1p1,v2,1970-01-01,2099-11-30,false,false,true,true,true,false,false,false,false,true,false,false,false,,,rcp26
450311,true,WW,sim.json,crop.json,site.json,true,dwd_core_ensemble,dwd_core_ensemble/csvs_dwd_core_ensemble,MPI-M-MPI-ESM-LR,CLMcom-CCLM4-8-17,rcp45,r1i1p1,v1,1970-01-01,2099-12-31,false,false,true,true,true,false,false,false,false,true,false,false,false,,,rcp26
450312,true,SM,sim.json,crop.json,site.json,true,dwd_core_ensemble,dwd_core_ensemble/csvs_dwd_core_ensemble,MPI-M-MPI-ESM-LR,CLMcom-CCLM4-8-17,rcp45,r1i1p1,v1,1970-01-01,2099-12-31,false,false,true,true,true,false,false,false,false,true,false,false,false,,,rcp26
450411,true,WW,sim.json,crop.json,site.json,true,dwd_core_ensemble,dwd_core_ensemble/csvs_dwd_core_ensemble,ICHEC-EC-EARTH,CLMcom-CCLM4-8-17,rcp45,r12i1p1,v1,1970-01-01,2099-12-31,false,false,true,true,true,false,false,false,false,true,false,false,false,,,rcp26
450412,true,SM,sim.json,crop.json,site.json,true,dwd_core_ensemble,dwd_core_ensemble/csvs_dwd_core_ensemble,ICHEC-EC-EARTH,CLMcom-CCLM4-8-17,rcp45,r12i1p1,v1,1970-01-01,2099-12-31,false,false,true,true,true,false,false,false,false,true,false,false,false,,,rcp26
850111,true,WW,sim.json,crop.json,site.json,true,dwd_core_ensemble,dwd_core_ensemble/csvs_dwd_core_ensemble,MIROC-MIROC5,CLMcom-CCLM4-8-17,rcp85,r1i1p1,v1,1970-01-01,2099-12-31,false,false,true,true,true,false,false,false,false,true,false,false,false,,,rcp26
850112,true,SM,sim.json,crop.json,site.json,true,dwd_core_ensemble,dwd_core_ensemble/csvs_dwd_core_ensemble,MIROC-MIROC5,CLMcom-CCLM4-8-17,rcp85,r1i1p1,v1,1970-01-01,2099-12-31,false,false,true,true,true,false,false,false,false,true,false,false,false,,,rcp26
850211,true,WW,sim.json,crop.json,site.json,true,dwd_core_ensemble,dwd_core_ensemble/csvs_dwd_core_ensemble,MOHC-HadGEM2-ES,KNMI-RACMO22E,rcp85,r1i1p1,v2,1970-01-01,2099-12-31,false,false,true,true,true,false,false,false,false,true,false,false,false,,,rcp26
850212,true,SM,sim.json,crop.json,site.json,true,dwd_core_ensemble,dwd_core_ensemble/csvs_dwd_core_ensemble,MOHC-HadGEM2-ES,KNMI-RACMO22E,rcp85,r1i1p1,v2,1970-01-01,2099-12-31,false,false,true,true,true,false,false,false,false,true,false,false,false,,,rcp26
850311,true,WW,sim.json,crop.json,site.json,true,dwd_core_ensemble,dwd_core_ensemble/csvs_dwd_core_ensemble,CCCma-CanESM2,CLMcom-CCLM4-8-17,rcp85,r1i1p1,v1,1970-01-01,2099-12-31,false,false,true,true,true,false,false,false,false,true,false,false,false,,,rcp26
850312,true,SM,sim.json,crop.json,site.json,true,dwd_core_ensemble,dwd_core_ensemble/csvs_dwd_core_ensemble,CCCma-CanESM2,CLMcom-CCLM4-8-17,rcp85,r1i1p1,v1,1970-01-01,2099-12-31,false,false,true,true,true,false,false,false,false,true,false,false,false,,,rcp26
850411,true,WW,sim.json,crop.json,site.json,true,dwd_core_ensemble,dwd_core_ensemble/csvs_dwd_core_ensemble,CCCma-CanESM2,GERICS-REMO2015,rcp85,r1i1p1,v1,1970-01-01,2099-12-31,false,false,true,true,true,false,false,false,false,true,false,false,false,,,rcp26
850412,true,SM,sim.json,crop.json,site.json,true,dwd_core_ensemble,dwd_core_ensemble/csvs_dwd_core_ensemble,CCCma-CanESM2,GERICS-REMO2015,rcp85,r1i1p1,v1,1970-01-01,2099-12-31,false,false,true,true,true,false,false,false,false,true,false,false,false,,,rcp26
850511,true,WW,sim.json,crop.json,site.json,true,dwd_core_ensemble,dwd_core_ensemble/csvs_dwd_core_ensemble,ICHEC-EC-EARTH,CLMcom-CCLM4-8-17,rcp85,r12i1p1,v1,1970-01-01,2099-12-31,false,false,true,true,true,false,false,false,false,true,false,false,false,,,rcp26
850512,true,SM,sim.json,crop.json,site.json,true,dwd_core_ensemble,dwd_core_ensemble/csvs_dwd_core_ensemble,ICHEC-EC-EARTH,CLMcom-CCLM4-8-17,rcp85,r12i1p1,v1,1970-01-01,2099-12-31,false,false,true,true,true,false,false,false,false,true,false,false,false,,,rcp26
850611,true,WW,sim.json,crop.json,site.json,true,dwd_core_ensemble,dwd_core_ensemble/csvs_dwd_core_ensemble,ICHEC-EC-EARTH,GERICS-REMO2015,rcp85,r12i1p1,v1,1970-01-01,2099-12-31,false,false,true,true,true,false,false,false,false,true,false,false,false,,,rcp26
850612,true,SM,sim.json,crop.json,site.json,true,dwd_core_ensemble,dwd_core_ensemble/csvs_dwd_core_ensemble,ICHEC-EC-EARTH,GERICS-REMO2015,rcp85,r12i1p1,v1,1970-01-01,2099-12-31,false,false,true,true,true,false,false,false,false,true,false,false,false,,,rcp26
260411,true,WW,sim.json,crop.json,site.json,true,dwd_core_ensemble,dwd_core_ensemble/csvs_dwd_core_ensemble,ICHEC-EC-EARTH,KNMI-RACMO22E,rcp26,r12i1p1,v1,1970-01-01,2099-12-31,false,false,true,true,true,false,false,false,false,true,false,false,false,,,rcp26
260412,true,SM,sim.json,crop.json,site.json,true,dwd_core_ensemble,dwd_core_ensemble/csvs_dwd_core_ensemble,ICHEC-EC-EARTH,KNMI-RACMO22E,rcp26,r12i1p1,v1,1970-01-01,2099-12-31,false,false,true,true,true,false,false,false,false,true,false,false,false,,,rcp26
450511,true,WW,sim.json,crop.json,site.json,true,dwd_core_ensemble,dwd_core_ensemble/csvs_dwd_core_ensemble,ICHEC-EC-EARTH,KNMI-RACMO22E,rcp45,r1i1p1,v1,1970-01-01,2099-12-31,false,false,true,true,true,false,false,false,false,true,false,false,false,,,rcp26
450512,true,SM,sim.json,crop.json,site.json,true,dwd_core_ensemble,dwd_core_ensemble/csvs_dwd_core_ensemble,ICHEC-EC-EARTH,KNMI-RACMO22E,rcp45,r1i1p1,v1,1970-01-01,2099-12-31,false,false,true,true,true,false,false,false,false,true,false,false,false,,,rcp26
850711,true,WW,sim.json,crop.json,site.json,true,dwd_core_ensemble,dwd_core_ensemble/csvs_dwd_core_ensemble,ICHEC-EC-EARTH,KNMI-RACMO22E,rcp85,r1i1p1,v1,1970-01-01,2099-12-31,false,false,true,true,true,false,false,false,false,true,false,false,false,,,rcp26
850712,true,SM,sim.json,crop.json,site.json,true,dwd_core_ensemble,dwd_core_ensemble/csvs_dwd_core_ensemble,ICHEC-EC-EARTH,KNMI-RACMO22E,rcp85,r1i1p1,v1,1970-01-01,2099-12-31,false,false,true,true,true,false,false,false,false,true,false,false,false,,,rcp26
850811,true,WW,sim.json,crop.json,site.json,true,dwd_core_ensemble,dwd_core_ensemble/csvs_dwd_core_ensemble,ICHEC-EC-EARTH,KNMI-RACMO22E,rcp85,r12i1p1,v1,1970-01-01,2099-12-31,false,false,true,true,true,false,false,false,false,true,false,false,false,,,rcp26
850812,true,SM,sim.json,crop.json,site.json,true,dwd_core_ensemble,dwd_core_ensemble/csvs_dwd_core_ensemble,ICHEC-EC-EARTH,KNMI-RACMO22E,rcp85,r12i1p1,v1,1970-01-01,2099-12-31,false,false,true,true,true,false,false,false,false,true,false,false,false,,,rcp26
260511,true,WW,sim.json,crop.json,site.json,true,dwd_core_ensemble,dwd_core_ensemble/csvs_dwd_core_ensemble,ICHEC-EC-EARTH,SMHI-RCA4,rcp26,r12i1p1,v1,1970-01-01,2099-12-31,false,false,true,true,true,false,false,false,false,true,false,false,false,,,rcp26
260512,true,SM,sim.json,crop.json,site.json,true,dwd_core_ensemble,dwd_core_ensemble/csvs_dwd_core_ensemble,ICHEC-EC-EARTH,SMHI-RCA4,rcp26,r12i1p1,v1,1970-01-01,2099-12-31,false,false,true,true,true,false,false,false,false,true,false,false,false,,,rcp26
450611,true,WW,sim.json,crop.json,site.json,true,dwd_core_ensemble,dwd_core_ensemble/csvs_dwd_core_ensemble,ICHEC-EC-EARTH,SMHI-RCA4,rcp45,r12i1p1,v1,1970-01-01,2099-12-31,false,false,true,true,true,false,false,false,false,true,false,false,false,,,rcp26
450612,true,SM,sim.json,crop.json,site.json,true,dwd_core_ensemble,dwd_core_ensemble/csvs_dwd_core_ensemble,ICHEC-EC-EARTH,SMHI-RCA4,rcp45,r12i1p1,v1,1970-01-01,2099-12-31,false,false,true,true,true,false,false,false,false,true,false,false,false,,,rcp26
850911,true,WW,sim.json,crop.json,site.json,true,dwd_core_ensemble,dwd_core_ensemble/csvs_dwd_core_ensemble,ICHEC-EC-EARTH,SMHI-RCA4,rcp85,r12i1p1,v1,1970-01-01,2099-12-31,false,false,true,true,true,false,false,false,false,true,false,false,false,,,rcp26
850912,true,SM,sim.json,crop.json,site.json,true,dwd_core_ensemble,dwd_core_ensemble/csvs_dwd_core_ensemble,ICHEC-EC-EARTH,SMHI-RCA4,rcp85,r12i1p1,v1,1970-01-01,2099-12-31,false,false,true,true,true,false,false,false,false,true,false,false,false,,,rcp26
450711,true,WW,sim.json,crop.json,site.json,true,dwd_core_ensemble,dwd_core_ensemble/csvs_dwd_core_ensemble,IPSL-IPSL-CM5A-MR,SMHI-RCA4,rcp45,r1i1p1,v1,1970-01-01,2099-12-31,false,false,true,true,true,false,false,false,false,true,false,false,false,,,rcp26
450712,true,SM,sim.json,crop.json,site.json,true,dwd_core_ensemble,dwd_core_ensemble/csvs_dwd_core_ensemble,IPSL-IPSL-CM5A-MR,SMHI-RCA4,rcp45,r1i1p1,v1,1970-01-01,2099-12-31,false,false,true,true,true,false,false,false,false,true,false,false,false,,,rcp26
851011,true,WW,sim.json,crop.json,site.json,true,dwd_core_ensemble,dwd_core_ensemble/csvs_dwd_core_ensemble,IPSL-IPSL-CM5A-MR,SMHI-RCA4,rcp85,r1i1p1,v1,1970-01-01,2099-12-31,false,false,true,true,true,false,false,false,false,true,false,false,false,,,rcp26
851012,true,SM,sim.json,crop.json,site.json,true,dwd_core_ensemble,dwd_core_ensemble/csvs_dwd_core_ensemble,IPSL-IPSL-CM5A-MR,SMHI-RCA4,rcp85,r1i1p1,v1,1970-01-01,2099-12-31,false,false,true,true,true,false,false,false,false,true,false,false,false,,,rcp26
851111,true,WW,sim.json,crop.json,site.json,true,dwd_core_ensemble,dwd_core_ensemble/csvs_dwd_core_ensemble,MIROC-MIROC5,GERICS-REMO2015,rcp85,r1i1p1,v1,1970-01-01,2099-12-31,false,false,true,true,true,false,false,false,false,true,false,false,false,,,rcp26
851112,true,SM,sim.json,crop.json,site.json,true,dwd_core_ensemble,dwd_core_ensemble/csvs_dwd_core_ensemble,MIROC-MIROC5,GERICS-REMO2015,rcp85,r1i1p1,v1,1970-01-01,2099-12-31,false,false,true,true,true,false,false,false,false,true,false,false,false,,,rcp26
450811,true,WW,sim.json,crop.json,site.json,true,dwd_core_ensemble,dwd_core_ensemble/csvs_dwd_core_ensemble,MOHC-HadGEM2-ES,CLMcom-CCLM4-8-17,rcp45,r1i1p1,v1,1970-01-01,2099-11-30,false,false,true,true,true,false,false,false,false,true,false,false,false,,,rcp26
450812,true,SM,sim.json,crop.json,site.json,true,dwd_core_ensemble,dwd_core_ensemble/csvs_dwd_core_ensemble,MOHC-HadGEM2-ES,CLMcom-CCLM4-8-17,rcp45,r1i1p1,v1,1970-01-01,2099-11-30,false,false,true,true,true,false,false,false,false,true,false,false,false,,,rcp26
851211,true,WW,sim.json,crop.json,site.json,true,dwd_core_ensemble,dwd_core_ensemble/csvs_dwd_core_ensemble,MOHC-HadGEM2-ES,CLMcom-CCLM4-8-17,rcp85,r1i1p1,v1,1970-01-01,2099-12-31,false,false,true,true,true,false,false,false,false,true,false,false,false,,,rcp26
851212,true,SM,sim.json,crop.json,site.json,true,dwd_core_ensemble,dwd_core_ensemble/csvs_dwd_core_ensemble,MOHC-HadGEM2-ES,CLMcom-CCLM4-8-17,rcp85,r1i1p1,v1,1970-01-01,2099-12-31,false,false,true,true,true,false,false,false,false,true,false,false,false,,,rcp26
851311,true,WW,sim.json,crop.json,site.json,true,dwd_core_ensemble,dwd_core_ensemble/csvs_dwd_core_ensemble,MOHC-HadGEM2-ES,GERICS-REMO2015,rcp85,r1i1p1,v1,1970-01-01,2099-12-31,false,false,true,true,true,false,false,false,false,true,false,false,false,,,rcp26
851312,true,SM,sim.json,crop.json,site.json,true,dwd_core_ensemble,dwd_core_ensemble/csvs_dwd_core_ensemble,MOHC-HadGEM2-ES,GERICS-REMO2015,rcp85,r1i1p1,v1,1970-01-01,2099-12-31,false,false,true,true,true,false,false,false,false,true,false,false,false,,,rcp26
260611,true,WW,sim.json,crop.json,site.json,true,dwd_core_ensemble,dwd_core_ensemble/csvs_dwd_core_ensemble,MOHC-HadGEM2-ES,SMHI-RCA4,rcp26,r1i1p1,v1,1970-01-01,2099-12-31,false,false,true,true,true,false,false,false,false,true,false,false,false,,,rcp26
260612,true,SM,sim.json,crop.json,site.json,true,dwd_core_ensemble,dwd_core_ensemble/csvs_dwd_core_ensemble,MOHC-HadGEM2-ES,SMHI-RCA4,rcp26,r1i1p1,v1,1970-01-01,2099-12-31,false,false,true,true,true,false,false,false,false,true,false,false,false,,,rcp26
450911,true,WW,sim.json,crop.json,site.json,true,dwd_core_ensemble,dwd_core_ensemble/csvs_dwd_core_ensemble,MOHC-HadGEM2-ES,SMHI-RCA4,rcp45,r1i1p1,v1,1970-01-01,2099-11-30,false,false,true,true,true,false,false,false,false,true,false,false,false,,,rcp26
450912,true,SM,sim.json,crop.json,site.json,true,dwd_core_ensemble,dwd_core_ensemble/csvs_dwd_core_ensemble,MOHC-HadGEM2-ES,SMHI-RCA4,rcp45,r1i1p1,v1,1970-01-01,2099-11-30,false,false,true,true,true,false,false,false,false,true,false,false,false,,,rcp26
851411,true,WW,sim.json,crop.json,site.json,true,dwd_core_ensemble,dwd_core_ensemble/csvs_dwd_core_ensemble,MOHC-HadGEM2-ES,SMHI-RCA4,rcp85,r1i1p1,v1,1970-01-01,2099-12-31,false,false,true,true,true,false,false,false,false,true,false,false,false,,,rcp26
851412,true,SM,sim.json,crop.json,site.json,true,dwd_core_ensemble,dwd_core_ensemble/csvs_dwd_core_ensemble,MOHC-HadGEM2-ES,SMHI-RCA4,rcp85,r1i1p1,v1,1970-01-01,2099-12-31,false,false,true,true,true,false,false,false,false,true,false,false,false,,,rcp26
851511,true,WW,sim.json,crop.json,site.json,true,dwd_core_ensemble,dwd_core_ensemble/csvs_dwd_core_ensemble,MOHC-HadGEM2-ES,UHOH-WRF361H,rcp85,r1i1p1,v1,1970-01-01,2099-12-31,false,false,true,true,true,false,false,false,false,true,false,false,false,,,rcp26
851512,true,SM,sim.json,crop.json,site.json,true,dwd_core_ensemble,dwd_core_ensemble/csvs_dwd_core_ensemble,MOHC-HadGEM2-ES,UHOH-WRF361H,rcp85,r1i1p1,v1,1970-01-01,2099-12-31,false,false,true,true,true,false,false,false,false,true,false,false,false,,,rcp26
851611,true,WW,sim.json,crop.json,site.json,true,dwd_core_ensemble,dwd_core_ensemble/csvs_dwd_core_ensemble,MPI-M-MPI-ESM-LR,CLMcom-CCLM4-8-17,rcp85,r1i1p1,v1,1970-01-01,2099-12-31,false,false,true,true,true,false,false,false,false,true,false,false,false,,,rcp26
851612,true,SM,sim.json,crop.json,site.json,true,dwd_core_ensemble,dwd_core_ensemble/csvs_dwd_core_ensemble,MPI-M-MPI-ESM-LR,CLMcom-CCLM4-8-17,rcp85,r1i1p1,v1,1970-01-01,2099-12-31,false,false,true,true,true,false,false,false,false,true,false,false,false,,,rcp26
260711,true,WW,sim.json,crop.json,site.json,true,dwd_core_ensemble,dwd_core_ensemble/csvs_dwd_core_ensemble,MPI-M-MPI-ESM-LR,MPI-CSC-REMO2009,rcp26,r1i1p1,v1,1970-01-01,2099-12-31,false,false,true,true,true,false,false,false,false,true,false,false,false,,,rcp26
260712,true,SM,sim.json,crop.json,site.json,true,dwd_core_ensemble,dwd_core_ensemble/csvs_dwd_core_ensemble,MPI-M-MPI-ESM-LR,MPI-CSC-REMO2009,rcp26,r1i1p1,v1,1970-01-01,2099-12-31,false,false,true,true,true,false,false,false,false,true,false,false,false,,,rcp26
260811,true,WW,sim.json,crop.json,site.json,true,dwd_core_ensemble,dwd_core_ensemble/csvs_dwd_core_ensemble,MPI-M-MPI-ESM-LR,MPI-CSC-REMO2009,rcp26,r2i1p1,v1,1970-01-01,2099-12-31,false,false,true,true,true,false,false,false,false,true,false,false,false,,,rcp26
260812,true,SM,sim.json,crop.json,site.json,true,dwd_core_ensemble,dwd_core_ensemble/csvs_dwd_core_ensemble,MPI-M-MPI-ESM-LR,MPI-CSC-REMO2009,rcp26,r2i1p1,v1,1970-01-01,2099-12-31,false,false,true,true,true,false,false,false,false,true,false,false,false,,,rcp26
451011,true,WW,sim.json,crop.json,site.json,true,dwd_core_ensemble,dwd_core_ensemble/csvs_dwd_core_ensemble,MPI-M-MPI-ESM-LR,MPI-CSC-REMO2009,rcp45,r1i1p1,v1,1970-01-01,2099-12-31,false,false,true,true,true,false,false,false,false,true,false,false,false,,,rcp26
451012,true,SM,sim.json,crop.json,site.json,true,dwd_core_ensemble,dwd_core_ensemble/csvs_dwd_core_ensemble,MPI-M-MPI-ESM-LR,MPI-CSC-REMO2009,rcp45,r1i1p1,v1,1970-01-01,2099-12-31,false,false,true,true,true,false,false,false,false,true,false,false,false,,,rcp26
451111,true,WW,sim.json,crop.json,site.json,true,dwd_core_ensemble,dwd_core_ensemble/csvs_dwd_core_ensemble,MPI-M-MPI-ESM-LR,MPI-CSC-REMO2009,rcp45,r2i1p1,v1,1970-01-01,2099-12-31,false,false,true,true,true,false,false,false,false,true,false,false,false,,,rcp26
451112,true,SM,sim.json,crop.json,site.json,true,dwd_core_ensemble,dwd_core_ensemble/csvs_dwd_core_ensemble,MPI-M-MPI-ESM-LR,MPI-CSC-REMO2009,rcp45,r2i1p1,v1,1970-01-01,2099-12-31,false,false,true,true,true,false,false,false,false,true,false,false,false,,,rcp26
851711,true,WW,sim.json,crop.json,site.json,true,dwd_core_ensemble,dwd_core_ensemble/csvs_dwd_core_ensemble,MPI-M-MPI-ESM-LR,MPI-CSC-REMO2009,rcp85,r1i1p1,v1,1970-01-01,2099-12-31,false,false,true,true,true,false,false,false,false,true,false,false,false,,,rcp26
851712,true,SM,sim.json,crop.json,site.json,true,dwd_core_ensemble,dwd_core_ensemble/csvs_dwd_core_ensemble,MPI-M-MPI-ESM-LR,MPI-CSC-REMO2009,rcp85,r1i1p1,v1,1970-01-01,2099-12-31,false,false,true,true,true,false,false,false,false,true,false,false,false,,,rcp26
851811,true,WW,sim.json,crop.json,site.json,true,dwd_core_ensemble,dwd_core_ensemble/csvs_dwd_core_ensemble,MPI-M-MPI-ESM-LR,MPI-CSC-REMO2009,rcp85,r2i1p1,v1,1970-01-01,2099-12-31,false,false,true,true,true,false,false,false,false,true,false,false,false,,,rcp26
851812,true,SM,sim.json,crop.json,site.json,true,dwd_core_ensemble,dwd_core_ensemble/csvs_dwd_core_ensemble,MPI-M-MPI-ESM-LR,MPI-CSC-REMO2009,rcp85,r2i1p1,v1,1970-01-01,2099-12-31,false,false,true,true,true,false,false,false,false,true,false,false,false,,,rcp26
260911,true,WW,sim.json,crop.json,site.json,true,dwd_core_ensemble,dwd_core_ensemble/csvs_dwd_core_ensemble,MPI-M-MPI-ESM-LR,SMHI-RCA4,rcp26,r1i1p1,v1a,1970-01-01,2099-12-31,false,false,true,true,true,false,false,false,false,true,false,false,false,,,rcp26
260912,true,SM,sim.json,crop.json,site.json,true,dwd_core_ensemble,dwd_core_ensemble/csvs_dwd_core_ensemble,MPI-M-MPI-ESM-LR,SMHI-RCA4,rcp26,r1i1p1,v1a,1970-01-01,2099-12-31,false,false,true,true,true,false,false,false,false,true,false,false,false,,,rcp26
451211,true,WW,sim.json,crop.json,site.json,true,dwd_core_ensemble,dwd_core_ensemble/csvs_dwd_core_ensemble,MPI-M-MPI-ESM-LR,SMHI-RCA4,rcp45,r1i1p1,v1a,1970-01-01,2099-12-31,false,false,true,true,true,false,false,false,false,true,false,false,false,,,rcp26
451212,true,SM,sim.json,crop.json,site.json,true,dwd_core_ensemble,dwd_core_ensemble/csvs_dwd_core_ensemble,MPI-M-MPI-ESM-LR,SMHI-RCA4,rcp45,r1i1p1,v1a,1970-01-01,2099-12-31,false,false,true,true,true,false,false,false,false,true,false,false,false,,,rcp26
851911,true,WW,sim.json,crop.json,site.json,true,dwd_core_ensemble,dwd_core_ensemble/csvs_dwd_core_ensemble,MPI-M-MPI-ESM-LR,SMHI-RCA4,rcp85,r1i1p1,v1a,1970-01-01,2099-12-31,false,false,true,true,true,false,false,false,false,true,false,false,false,,,rcp26
851912,true,SM,sim.json,crop.json,site.json,true,dwd_core_ensemble,dwd_core_ensemble/csvs_dwd_core_ensemble,MPI-M-MPI-ESM-LR,SMHI-RCA4,rcp85,r1i1p1,v1a,1970-01-01,2099-12-31,false,false,true,true,true,false,false,false,false,true,false,false,false,,,rcp26
261011,true,WW,sim.json,crop.json,site.json,true,dwd_core_ensemble,dwd_core_ensemble/csvs_dwd_core_ensemble,MPI-M-MPI-ESM-LR,UHOH-WRF361H,rcp26,r1i1p1,v1,1970-01-01,2099-12-31,false,false,true,true,true,false,false,false,false,true,false,false,false,,,rcp26
261012,true,SM,sim.json,crop.json,site.json,true,dwd_core_ensemble,dwd_core_ensemble/csvs_dwd_core_ensemble,MPI-M-MPI-ESM-LR,UHOH-WRF361H,rcp26,r1i1p1,v1,1970-01-01,2099-12-31,false,false,true,true,true,false,false,false,false,true,false,false,false,,,rcp26
852011,true,WW,sim.json,crop.json,site.json,true,dwd_core_ensemble,dwd_core_ensemble/csvs_dwd_core_ensemble,MPI-M-MPI-ESM-LR,UHOH-WRF361H,rcp85,r1i1p1,v1,1970-01-01,2099-12-31,false,false,true,true,true,false,false,false,false,true,false,false,false,,,rcp26
852012,true,SM,sim.json,crop.json,site.json,true,dwd_core_ensemble,dwd_core_ensemble/csvs_dwd_core_ensemble,MPI-M-MPI-ESM-LR,UHOH-WRF361H,rcp85,r1i1p1,v1,1970-01-01,2099-12-31,false,false,true,true,true,false,false,false,false,true,false,false,false,,,rcp26
260113,true,WW,sim.json,crop.json,site.json,true,dwd_core_ensemble,dwd_core_ensemble/csvs_dwd_core_ensemble,MOHC-HadGEM2-ES,KNMI-RACMO22E,rcp26,r1i1p1,v2,1970-01-01,2099-12-31,false,false,true,true,true,false,false,false,true,true,false,false,false,,,rcp26
260114,true,SM,sim.json,crop.json,site.json,true,dwd_core_ensemble,dwd_core_ensemble/csvs_dwd_core_ensemble,MOHC-HadGEM2-ES,KNMI-RACMO22E,rcp26,r1i1p1,v2,1970-01-01,2099-12-31,false,false,true,true,true,false,false,false,true,true,false,false,false,,,rcp26
260213,true,WW,sim.json,crop.json,site.json,true,dwd_core_ensemble,dwd_core_ensemble/csvs_dwd_core_ensemble,MIROC-MIROC5,CLMcom-CCLM4-8-17,rcp26,r1i1p1,v1,1970-01-01,2099-12-31,false,false,true,true,true,false,false,false,true,true,false,false,false,,,rcp26
260214,true,SM,sim.json,crop.json,site.json,true,dwd_core_ensemble,dwd_core_ensemble/csvs_dwd_core_ensemble,MIROC-MIROC5,CLMcom-CCLM4-8-17,rcp26,r1i1p1,v1,1970-01-01,2099-12-31,false,false,true,true,true,false,false,false,true,true,false,false,false,,,rcp26
260313,true,WW,sim.json,crop.json,site.json,true,dwd_core_ensemble,dwd_core_ensemble/csvs_dwd_core_ensemble,ICHEC-EC-EARTH,CLMcom-CCLM4-8-17,rcp26,r12i1p1,v1,1970-01-01,2099-12-31,false,false,true,true,true,false,false,false,true,true,false,false,false,,,rcp26
260314,true,SM,sim.json,crop.json,site.json,true,dwd_core_ensemble,dwd_core_ensemble/csvs_dwd_core_ensemble,ICHEC-EC-EARTH,CLMcom-CCLM4-8-17,rcp26,r12i1p1,v1,1970-01-01,2099-12-31,false,false,true,true,true,false,false,false,true,true,false,false,false,,,rcp26
450113,true,WW,sim.json,crop.json,site.json,true,dwd_core_ensemble,dwd_core_ensemble/csvs_dwd_core_ensemble,ICHEC-EC-EARTH,KNMI-RACMO22E,rcp45,r12i1p1,v1,1970-01-01,2099-12-31,false,false,true,true,true,false,false,false,true,true,false,false,false,,,rcp26
450114,true,SM,sim.json,crop.json,site.json,true,dwd_core_ensemble,dwd_core_ensemble/csvs_dwd_core_ensemble,ICHEC-EC-EARTH,KNMI-RACMO22E,rcp45,r12i1p1,v1,1970-01-01,2099-12-31,false,false,true,true,true,false,false,false,true,true,false,false,false,,,rcp26
450213,true,WW,sim.json,crop.json,site.json,true,dwd_core_ensemble,dwd_core_ensemble/csvs_dwd_core_ensemble,MOHC-HadGEM2-ES,KNMI-RACMO22E,rcp45,r1i1p1,v2,1970-01-01,2099-11-30,false,false,true,true,true,false,false,false,true,true,false,false,false,,,rcp26
450214,true,SM,sim.json,crop.json,site.json,true,dwd_core_ensemble,dwd_core_ensemble/csvs_dwd_core_ensemble,MOHC-HadGEM2-ES,KNMI-RACMO22E,rcp45,r1i1p1,v2,1970-01-01,2099-11-30,false,false,true,true,true,false,false,false,true,true,false,false,false,,,rcp26
450313,true,WW,sim.json,crop.json,site.json,true,dwd_core_ensemble,dwd_core_ensemble/csvs_dwd_core_ensemble,MPI-M-MPI-ESM-LR,CLMcom-CCLM4-8-17,rcp45,r1i1p1,v1,1970-01-01,2099-12-31,false,false,true,true,true,false,false,false,true,true,false,false,false,,,rcp26
450314,true,SM,sim.json,crop.json,site.json,true,dwd_core_ensemble,dwd_core_ensemble/csvs_dwd_core_ensemble,MPI-M-MPI-ESM-LR,CLMcom-CCLM4-8-17,rcp45,r1i1p1,v1,1970-01-01,2099-12-31,false,false,true,true,true,false,false,false,true,true,false,false,false,,,rcp26
450413,true,WW,sim.json,crop.json,site.json,true,dwd_core_ensemble,dwd_core_ensemble/csvs_dwd_core_ensemble,ICHEC-EC-EARTH,CLMcom-CCLM4-8-17,rcp45,r12i1p1,v1,1970-01-01,2099-12-31,false,false,true,true,true,false,false,false,true,true,false,false,false,,,rcp26
450414,true,SM,sim.json,crop.json,site.json,true,dwd_core_ensemble,dwd_core_ensemble/csvs_dwd_core_ensemble,ICHEC-EC-EARTH,CLMcom-CCLM4-8-17,rcp45,r12i1p1,v1,1970-01-01,2099-12-31,false,false,true,true,true,false,false,false,true,true,false,false,false,,,rcp26
850113,true,WW,sim.json,crop.json,site.json,true,dwd_core_ensemble,dwd_core_ensemble/csvs_dwd_core_ensemble,MIROC-MIROC5,CLMcom-CCLM4-8-17,rcp85,r1i1p1,v1,1970-01-01,2099-12-31,false,false,true,true,true,false,false,false,true,true,false,false,false,,,rcp26
850114,true,SM,sim.json,crop.json,site.json,true,dwd_core_ensemble,dwd_core_ensemble/csvs_dwd_core_ensemble,MIROC-MIROC5,CLMcom-CCLM4-8-17,rcp85,r1i1p1,v1,1970-01-01,2099-12-31,false,false,true,true,true,false,false,false,true,true,false,false,false,,,rcp26
850213,true,WW,sim.json,crop.json,site.json,true,dwd_core_ensemble,dwd_core_ensemble/csvs_dwd_core_ensemble,MOHC-HadGEM2-ES,KNMI-RACMO22E,rcp85,r1i1p1,v2,1970-01-01,2099-12-31,false,false,true,true,true,false,false,false,true,true,false,false,false,,,rcp26
850214,true,SM,sim.json,crop.json,site.json,true,dwd_core_ensemble,dwd_core_ensemble/csvs_dwd_core_ensemble,MOHC-HadGEM2-ES,KNMI-RACMO22E,rcp85,r1i1p1,v2,1970-01-01,2099-12-31,false,false,true,true,true,false,false,false,true,true,false,false,false,,,rcp26
850313,true,WW,sim.json,crop.json,site.json,true,dwd_core_ensemble,dwd_core_ensemble/csvs_dwd_core_ensemble,CCCma-CanESM2,CLMcom-CCLM4-8-17,rcp85,r1i1p1,v1,1970-01-01,2099-12-31,false,false,true,true,true,false,false,false,true,true,false,false,false,,,rcp26
850314,true,SM,sim.json,crop.json,site.json,true,dwd_core_ensemble,dwd_core_ensemble/csvs_dwd_core_ensemble,CCCma-CanESM2,CLMcom-CCLM4-8-17,rcp85,r1i1p1,v1,1970-01-01,2099-12-31,false,false,true,true,true,false,false,false,true,true,false,false,false,,,rcp26
850413,true,WW,sim.json,crop.json,site.json,true,dwd_core_ensemble,dwd_core_ensemble/csvs_dwd_core_ensemble,CCCma-CanESM2,GERICS-REMO2015,rcp85,r1i1p1,v1,1970-01-01,2099-12-31,false,false,true,true,true,false,false,false,true,true,false,false,false,,,rcp26
850414,true,SM,sim.json,crop.json,site.json,true,dwd_core_ensemble,dwd_core_ensemble/csvs_dwd_core_ensemble,CCCma-CanESM2,GERICS-REMO2015,rcp85,r1i1p1,v1,1970-01-01,2099-12-31,false,false,true,true,true,false,false,false,true,true,false,false,false,,,rcp26
850513,true,WW,sim.json,crop.json,site.json,true,dwd_core_ensemble,dwd_core_ensemble/csvs_dwd_core_ensemble,ICHEC-EC-EARTH,CLMcom-CCLM4-8-17,rcp85,r12i1p1,v1,1970-01-01,2099-12-31,false,false,true,true,true,false,false,false,true,true,false,false,false,,,rcp26
850514,true,SM,sim.json,crop.json,site.json,true,dwd_core_ensemble,dwd_core_ensemble/csvs_dwd_core_ensemble,ICHEC-EC-EARTH,CLMcom-CCLM4-8-17,rcp85,r12i1p1,v1,1970-01-01,2099-12-31,false,false,true,true,true,false,false,false,true,true,false,false,false,,,rcp26
850613,true,WW,sim.json,crop.json,site.json,true,dwd_core_ensemble,dwd_core_ensemble/csvs_dwd_core_ensemble,ICHEC-EC-EARTH,GERICS-REMO2015,rcp85,r12i1p1,v1,1970-01-01,2099-12-31,false,false,true,true,true,false,false,false,true,true,false,false,false,,,rcp26
850614,true,SM,sim.json,crop.json,site.json,true,dwd_core_ensemble,dwd_core_ensemble/csvs_dwd_core_ensemble,ICHEC-EC-EARTH,GERICS-REMO2015,rcp85,r12i1p1,v1,1970-01-01,2099-12-31,false,false,true,true,true,false,false,false,true,true,false,false,false,,,rcp26
260413,true,WW,sim.json,crop.json,site.json,true,dwd_core_ensemble,dwd_core_ensemble/csvs_dwd_core_ensemble,ICHEC-EC-EARTH,KNMI-RACMO22E,rcp26,r12i1p1,v1,1970-01-01,2099-12-31,false,false,true,true,true,false,false,false,true,true,false,false,false,,,rcp26
260414,true,SM,sim.json,crop.json,site.json,true,dwd_core_ensemble,dwd_core_ensemble/csvs_dwd_core_ensemble,ICHEC-EC-EARTH,KNMI-RACMO22E,rcp26,r12i1p1,v1,1970-01-01,2099-12-31,false,false,true,true,true,false,false,false,true,true,false,false,false,,,rcp26
450513,true,WW,sim.json,crop.json,site.json,true,dwd_core_ensemble,dwd_core_ensemble/csvs_dwd_core_ensemble,ICHEC-EC-EARTH,KNMI-RACMO22E,rcp45,r1i1p1,v1,1970-01-01,2099-12-31,false,false,true,true,true,false,false,false,true,true,false,false,false,,,rcp26
450514,true,SM,sim.json,crop.json,site.json,true,dwd_core_ensemble,dwd_core_ensemble/csvs_dwd_core_ensemble,ICHEC-EC-EARTH,KNMI-RACMO22E,rcp45,r1i1p1,v1,1970-01-01,2099-12-31,false,false,true,true,true,false,false,false,true,true,false,false,false,,,rcp26
850713,true,WW,sim.json,crop.json,site.json,true,dwd_core_ensemble,dwd_core_ensemble/csvs_dwd_core_ensemble,ICHEC-EC-EARTH,KNMI-RACMO22E,rcp85,r1i1p1,v1,1970-01-01,2099-12-31,false,false,true,true,true,false,false,false,true,true,false,false,false,,,rcp26
850714,true,SM,sim.json,crop.json,site.json,true,dwd_core_ensemble,dwd_core_ensemble/csvs_dwd_core_ensemble,ICHEC-EC-EARTH,KNMI-RACMO22E,rcp85,r1i1p1,v1,1970-01-01,2099-12-31,false,false,true,true,true,false,false,false,true,true,false,false,false,,,rcp26
850813,true,WW,sim.json,crop.json,site.json,true,dwd_core_ensemble,dwd_core_ensemble/csvs_dwd_core_ensemble,ICHEC-EC-EARTH,KNMI-RACMO22E,rcp85,r12i1p1,v1,1970-01-01,2099-12-31,false,false,true,true,true,false,false,false,true,true,false,false,false,,,rcp26
850814,true,SM,sim.json,crop.json,site.json,true,dwd_core_ensemble,dwd_core_ensemble/csvs_dwd_core_ensemble,ICHEC-EC-EARTH,KNMI-RACMO22E,rcp85,r12i1p1,v1,1970-01-01,2099-12-31,false,false,true,true,true,false,false,false,true,true,false,false,false,,,rcp26
260513,true,WW,sim.json,crop.json,site.json,true,dwd_core_ensemble,dwd_core_ensemble/csvs_dwd_core_ensemble,ICHEC-EC-EARTH,SMHI-RCA4,rcp26,r12i1p1,v1,1970-01-01,2099-12-31,false,false,true,true,true,false,false,false,true,true,false,false,false,,,rcp26
260514,true,SM,sim.json,crop.json,site.json,true,dwd_core_ensemble,dwd_core_ensemble/csvs_dwd_core_ensemble,ICHEC-EC-EARTH,SMHI-RCA4,rcp26,r12i1p1,v1,1970-01-01,2099-12-31,false,false,true,true,true,false,false,false,true,true,false,false,false,,,rcp26
450613,true,WW,sim.json,crop.json,site.json,true,dwd_core_ensemble,dwd_core_ensemble/csvs_dwd_core_ensemble,ICHEC-EC-EARTH,SMHI-RCA4,rcp45,r12i1p1,v1,1970-01-01,2099-12-31,false,false,true,true,true,false,false,false,true,true,false,false,false,,,rcp26
450614,true,SM,sim.json,crop.json,site.json,true,dwd_core_ensemble,dwd_core_ensemble/csvs_dwd_core_ensemble,ICHEC-EC-EARTH,SMHI-RCA4,rcp45,r12i1p1,v1,1970-01-01,2099-12-31,false,false,true,true,true,false,false,false,true,true,false,false,false,,,rcp26
850913,true,WW,sim.json,crop.json,site.json,true,dwd_core_ensemble,dwd_core_ensemble/csvs_dwd_core_ensemble,ICHEC-EC-EARTH,SMHI-RCA4,rcp85,r12i1p1,v1,1970-01-01,2099-12-31,false,false,true,true,true,false,false,false,true,true,false,false,false,,,rcp26
850914,true,SM,sim.json,crop.json,site.json,true,dwd_core_ensemble,dwd_core_ensemble/csvs_dwd_core_ensemble,ICHEC-EC-EARTH,SMHI-RCA4,rcp85,r12i1p1,v1,1970-01-01,2099-12-31,false,false,true,true,true,false,false,false,true,true,false,false,false,,,rcp26
450713,true,WW,sim.json,crop.json,site.json,true,dwd_core_ensemble,dwd_core_ensemble/csvs_dwd_core_ensemble,IPSL-IPSL-CM5A-MR,SMHI-RCA4,rcp45,r1i1p1,v1,1970-01-01,2099-12-31,false,false,true,true,true,false,false,false,true,true,false,false,false,,,rcp26
450714,true,SM,sim.json,crop.json,site.json,true,dwd_core_ensemble,dwd_core_ensemble/csvs_dwd_core_ensemble,IPSL-IPSL-CM5A-MR,SMHI-RCA4,rcp45,r1i1p1,v1,1970-01-01,2099-12-31,false,false,true,true,true,false,false,false,true,true,false,false,false,,,rcp26
851013,true,WW,sim.json,crop.json,site.json,true,dwd_core_ensemble,dwd_core_ensemble/csvs_dwd_core_ensemble,IPSL-IPSL-CM5A-MR,SMHI-RCA4,rcp85,r1i1p1,v1,1970-01-01,2099-12-31,false,false,true,true,true,false,false,false,true,true,false,false,false,,,rcp26
851014,true,SM,sim.json,crop.json,site.json,true,dwd_core_ensemble,dwd_core_ensemble/csvs_dwd_core_ensemble,IPSL-IPSL-CM5A-MR,SMHI-RCA4,rcp85,r1i1p1,v1,1970-01-01,2099-12-31,false,false,true,true,true,false,false,false,true,true,false,false,false,,,rcp26
851113,true,WW,sim.json,crop.json,site.json,true,dwd_core_ensemble,dwd_core_ensemble/csvs_dwd_core_ensemble,MIROC-MIROC5,GERICS-REMO2015,rcp85,r1i1p1,v1,1970-01-01,2099-12-31,false,false,true,true,true,false,false,false,true,true,false,false,false,,,rcp26
851114,true,SM,sim.json,crop.json,site.json,true,dwd_core_ensemble,dwd_core_ensemble/csvs_dwd_core_ensemble,MIROC-MIROC5,GERICS-REMO2015,rcp85,r1i1p1,v1,1970-01-01,2099-12-31,false,false,true,true,true,false,false,false,true,true,false,false,false,,,rcp26
450813,true,WW,sim.json,crop.json,site.json,true,dwd_core_ensemble,dwd_core_ensemble/csvs_dwd_core_ensemble,MOHC-HadGEM2-ES,CLMcom-CCLM4-8-17,rcp45,r1i1p1,v1,1970-01-01,2099-11-30,false,false,true,true,true,false,false,false,true,true,false,false,false,,,rcp26
450814,true,SM,sim.json,crop.json,site.json,true,dwd_core_ensemble,dwd_core_ensemble/csvs_dwd_core_ensemble,MOHC-HadGEM2-ES,CLMcom-CCLM4-8-17,rcp45,r1i1p1,v1,1970-01-01,2099-11-30,false,false,true,true,true,false,false,false,true,true,false,false,false,,,rcp26
851213,true,WW,sim.json,crop.json,site.json,true,dwd_core_ensemble,dwd_core_ensemble/csvs_dwd_core_ensemble,MOHC-HadGEM2-ES,CLMcom-CCLM4-8-17,rcp85,r1i1p1,v1,1970-01-01,2099-12-31,false,false,true,true,true,false,false,false,true,true,false,false,false,,,rcp26
851214,true,SM,sim.json,crop.json,site.json,true,dwd_core_ensemble,dwd_core_ensemble/csvs_dwd_core_ensemble,MOHC-HadGEM2-ES,CLMcom-CCLM4-8-17,rcp85,r1i1p1,v1,1970-01-01,2099-12-31,false,false,true,true,true,false,false,false,true,true,false,false,false,,,rcp26
851313,true,WW,sim.json,crop.json,site.json,true,dwd_core_ensemble,dwd_core_ensemble/csvs_dwd_core_ensemble,MOHC-HadGEM2-ES,GERICS-REMO2015,rcp85,r1i1p1,v1,1970-01-01,2099-12-31,false,false,true,true,true,false,false,false,true,true,false,false,false,,,rcp26
851314,true,SM,sim.json,crop.json,site.json,true,dwd_core_ensemble,dwd_core_ensemble/csvs_dwd_core_ensemble,MOHC-HadGEM2-ES,GERICS-REMO2015,rcp85,r1i1p1,v1,1970-01-01,2099-12-31,false,false,true,true,true,false,false,false,true,true,false,false,false,,,rcp26
260613,true,WW,sim.json,crop.json,site.json,true,dwd_core_ensemble,dwd_core_ensemble/csvs_dwd_core_ensemble,MOHC-HadGEM2-ES,SMHI-RCA4,rcp26,r1i1p1,v1,1970-01-01,2099-12-31,false,false,true,true,true,false,false,false,true,true,false,false,false,,,rcp26
260614,true,SM,sim.json,crop.json,site.json,true,dwd_core_ensemble,dwd_core_ensemble/csvs_dwd_core_ensemble,MOHC-HadGEM2-ES,SMHI-RCA4,rcp26,r1i1p1,v1,1970-01-01,2099-12-31,false,false,true,true,true,false,false,false,true,true,false,false,false,,,rcp26
450913,true,WW,sim.json,crop.json,site.json,true,dwd_core_ensemble,dwd_core_ensemble/csvs_dwd_core_ensemble,MOHC-HadGEM2-ES,SMHI-RCA4,rcp45,r1i1p1,v1,1970-01-01,2099-11-30,false,false,true,true,true,false,false,false,true,true,false,false,false,,,rcp26
450914,true,SM,sim.json,crop.json,site.json,true,dwd_core_ensemble,dwd_core_ensemble/csvs_dwd_core_ensemble,MOHC-HadGEM2-ES,SMHI-RCA4,rcp45,r1i1p1,v1,1970-01-01,2099-11-30,false,false,true,true,true,false,false,false,true,true,false,false,false,,,rcp26
851413,true,WW,sim.json,crop.json,site.json,true,dwd_core_ensemble,dwd_core_ensemble/csvs_dwd_core_ensemble,MOHC-HadGEM2-ES,SMHI-RCA4,rcp85,r1i1p1,v1,1970-01-01,2099-12-31,false,false,true,true,true,false,false,false,true,true,false,false,false,,,rcp26
851414,true,SM,sim.json,crop.json,site.json,true,dwd_core_ensemble,dwd_core_ensemble/csvs_dwd_core_ensemble,MOHC-HadGEM2-ES,SMHI-RCA4,rcp85,r1i1p1,v1,1970-01-01,2099-12-31,false,false,true,true,true,false,false,false,true,true,false,false,false,,,rcp26
851513,true,WW,sim.json,crop.json,site.json,true,dwd_core_ensemble,dwd_core_ensemble/csvs_dwd_core_ensemble,MOHC-HadGEM2-ES,UHOH-WRF361H,rcp85,r1i1p1,v1,1970-01-01,2099-12-31,false,false,true,true,true,false,false,false,true,true,false,false,false,,,rcp26
851514,true,SM,sim.json,crop.json,site.json,true,dwd_core_ensemble,dwd_core_ensemble/csvs_dwd_core_ensemble,MOHC-HadGEM2-ES,UHOH-WRF361H,rcp85,r1i1p1,v1,1970-01-01,2099-12-31,false,false,true,true,true,false,false,false,true,true,false,false,false,,,rcp26
851613,true,WW,sim.json,crop.json,site.json,true,dwd_core_ensemble,dwd_core_ensemble/csvs_dwd_core_ensemble,MPI-M-MPI-ESM-LR,CLMcom-CCLM4-8-17,rcp85,r1i1p1,v1,1970-01-01,2099-12-31,false,false,true,true,true,false,false,false,true,true,false,false,false,,,rcp26
851614,true,SM,sim.json,crop.json,site.json,true,dwd_core_ensemble,dwd_core_ensemble/csvs_dwd_core_ensemble,MPI-M-MPI-ESM-LR,CLMcom-CCLM4-8-17,rcp85,r1i1p1,v1,1970-01-01,2099-12-31,false,false,true,true,true,false,false,false,true,true,false,false,false,,,rcp26
260713,true,WW,sim.json,crop.json,site.json,true,dwd_core_ensemble,dwd_core_ensemble/csvs_dwd_core_ensemble,MPI-M-MPI-ESM-LR,MPI-CSC-REMO2009,rcp26,r1i1p1,v1,1970-01-01,2099-12-31,false,false,true,true,true,false,false,false,true,true,false,false,false,,,rcp26
260714,true,SM,sim.json,crop.json,site.json,true,dwd_core_ensemble,dwd_core_ensemble/csvs_dwd_core_ensemble,MPI-M-MPI-ESM-LR,MPI-CSC-REMO2009,rcp26,r1i1p1,v1,1970-01-01,2099-12-31,false,false,true,true,true,false,false,false,true,true,false,false,false,,,rcp26
260813,true,WW,sim.json,crop.json,site.json,true,dwd_core_ensemble,dwd_core_ensemble/csvs_dwd_core_ensemble,MPI-M-MPI-ESM-LR,MPI-CSC-REMO2009,rcp26,r2i1p1,v1,1970-01-01,2099-12-31,false,false,true,true,true,false,false,false,true,true,false,false,false,,,rcp26
260814,true,SM,sim.json,crop.json,site.json,true,dwd_core_ensemble,dwd_core_ensemble/csvs_dwd_core_ensemble,MPI-M-MPI-ESM-LR,MPI-CSC-REMO2009,rcp26,r2i1p1,v1,1970-01-01,2099-12-31,false,false,true,true,true,false,false,false,true,true,false,false,false,,,rcp26
451013,true,WW,sim.json,crop.json,site.json,true,dwd_core_ensemble,dwd_core_ensemble/csvs_dwd_core_ensemble,MPI-M-MPI-ESM-LR,MPI-CSC-REMO2009,rcp45,r1i1p1,v1,1970-01-01,2099-12-31,false,false,true,true,true,false,false,false,true,true,false,false,false,,,rcp26
451014,true,SM,sim.json,crop.json,site.json,true,dwd_core_ensemble,dwd_core_ensemble/csvs_dwd_core_ensemble,MPI-M-MPI-ESM-LR,MPI-CSC-REMO2009,rcp45,r1i1p1,v1,1970-01-01,2099-12-31,false,false,true,true,true,false,false,false,true,true,false,false,false,,,rcp26
451113,true,WW,sim.json,crop.json,site.json,true,dwd_core_ensemble,dwd_core_ensemble/csvs_dwd_core_ensemble,MPI-M-MPI-ESM-LR,MPI-CSC-REMO2009,rcp45,r2i1p1,v1,1970-01-01,2099-12-31,false,false,true,true,true,false,false,false,true,true,false,false,false,,,rcp26
451114,true,SM,sim.json,crop.json,site.json,true,dwd_core_ensemble,dwd_core_ensemble/csvs_dwd_core_ensemble,MPI-M-MPI-ESM-LR,MPI-CSC-REMO2009,rcp45,r2i1p1,v1,1970-01-01,2099-12-31,false,false,true,true,true,false,false,false,true,true,false,false,false,,,rcp26
851713,true,WW,sim.json,crop.json,site.json,true,dwd_core_ensemble,dwd_core_ensemble/csvs_dwd_core_ensemble,MPI-M-MPI-ESM-LR,MPI-CSC-REMO2009,rcp85,r1i1p1,v1,1970-01-01,2099-12-31,false,false,true,true,true,false,false,false,true,true,false,false,false,,,rcp26
851714,true,SM,sim.json,crop.json,site.json,true,dwd_core_ensemble,dwd_core_ensemble/csvs_dwd_core_ensemble,MPI-M-MPI-ESM-LR,MPI-CSC-REMO2009,rcp85,r1i1p1,v1,1970-01-01,2099-12-31,false,false,true,true,true,false,false,false,true,true,false,false,false,,,rcp26
851813,true,WW,sim.json,crop.json,site.json,true,dwd_core_ensemble,dwd_core_ensemble/csvs_dwd_core_ensemble,MPI-M-MPI-ESM-LR,MPI-CSC-REMO2009,rcp85,r2i1p1,v1,1970-01-01,2099-12-31,false,false,true,true,true,false,false,false,true,true,false,false,false,,,rcp26
851814,true,SM,sim.json,crop.json,site.json,true,dwd_core_ensemble,dwd_core_ensemble/csvs_dwd_core_ensemble,MPI-M-MPI-ESM-LR,MPI-CSC-REMO2009,rcp85,r2i1p1,v1,1970-01-01,2099-12-31,false,false,true,true,true,false,false,false,true,true,false,false,false,,,rcp26
260913,true,WW,sim.json,crop.json,site.json,true,dwd_core_ensemble,dwd_core_ensemble/csvs_dwd_core_ensemble,MPI-M-MPI-ESM-LR,SMHI-RCA4,rcp26,r1i1p1,v1a,1970-01-01,2099-12-31,false,false,true,true,true,false,false,false,true,true,false,false,false,,,rcp26
260914,true,SM,sim.json,crop.json,site.json,true,dwd_core_ensemble,dwd_core_ensemble/csvs_dwd_core_ensemble,MPI-M-MPI-ESM-LR,SMHI-RCA4,rcp26,r1i1p1,v1a,1970-01-01,2099-12-31,false,false,true,true,true,false,false,false,true,true,false,false,false,,,rcp26
451213,true,WW,sim.json,crop.json,site.json,true,dwd_core_ensemble,dwd_core_ensemble/csvs_dwd_core_ensemble,MPI-M-MPI-ESM-LR,SMHI-RCA4,rcp45,r1i1p1,v1a,1970-01-01,2099-12-31,false,false,true,true,true,false,false,false,true,true,false,false,false,,,rcp26
451214,true,SM,sim.json,crop.json,site.json,true,dwd_core_ensemble,dwd_core_ensemble/csvs_dwd_core_ensemble,MPI-M-MPI-ESM-LR,SMHI-RCA4,rcp45,r1i1p1,v1a,1970-01-01,2099-12-31,false,false,true,true,true,false,false,false,true,true,false,false,false,,,rcp26
851913,true,WW,sim.json,crop.json,site.json,true,dwd_core_ensemble,dwd_core_ensemble/csvs_dwd_core_ensemble,MPI-M-MPI-ESM-LR,SMHI-RCA4,rcp85,r1i1p1,v1a,1970-01-01,2099-12-31,false,false,true,true,true,false,false,false,true,true,false,false,false,,,rcp26
851914,true,SM,sim.json,crop.json,site.json,true,dwd_core_ensemble,dwd_core_ensemble/csvs_dwd_core_ensemble,MPI-M-MPI-ESM-LR,SMHI-RCA4,rcp85,r1i1p1,v1a,1970-01-01,2099-12-31,false,false,true,true,true,false,false,false,true,true,false,false,false,,,rcp26
261013,true,WW,sim.json,crop.json,site.json,true,dwd_core_ensemble,dwd_core_ensemble/csvs_dwd_core_ensemble,MPI-M-MPI-ESM-LR,UHOH-WRF361H,rcp26,r1i1p1,v1,1970-01-01,2099-12-31,false,false,true,true,true,false,false,false,true,true,false,false,false,,,rcp26
261014,true,SM,sim.json,crop.json,site.json,true,dwd_core_ensemble,dwd_core_ensemble/csvs_dwd_core_ensemble,MPI-M-MPI-ESM-LR,UHOH-WRF361H,rcp26,r1i1p1,v1,1970-01-01,2099-12-31,false,false,true,true,true,false,false,false,true,true,false,false,false,,,rcp26
852013,true,WW,sim.json,crop.json,site.json,true,dwd_core_ensemble,dwd_core_ensemble/csvs_dwd_core_ensemble,MPI-M-MPI-ESM-LR,UHOH-WRF361H,rcp85,r1i1p1,v1,1970-01-01,2099-12-31,false,false,true,true,true,false,false,false,true,true,false,false,false,,,rcp26
852014,true,SM,sim.json,crop.json,site.json,true,dwd_core_ensemble,dwd_core_ensemble/csvs_dwd_core_ensemble,MPI-M-MPI-ESM-LR,UHOH-WRF361H,rcp85,r1i1p1,v1,1970-01-01,2099-12-31,false,false,true,true,true,false,false,false,true,true,false,false,false,,,rcp26
260115,true,WW,sim.json,crop.json,site.json,true,dwd_core_ensemble,dwd_core_ensemble/csvs_dwd_core_ensemble,MOHC-HadGEM2-ES,KNMI-RACMO22E,rcp26,r1i1p1,v2,1970-01-01,2099-12-31,false,false,true,true,true,false,false,false,true,true,false,false,false,,,
260116,true,SM,sim.json,crop.json,site.json,true,dwd_core_ensemble,dwd_core_ensemble/csvs_dwd_core_ensemble,MOHC-HadGEM2-ES,KNMI-RACMO22E,rcp26,r1i1p1,v2,1970-01-01,2099-12-31,false,false,true,true,true,false,false,false,true,true,false,false,false,,,
260215,true,WW,sim.json,crop.json,site.json,true,dwd_core_ensemble,dwd_core_ensemble/csvs_dwd_core_ensemble,MIROC-MIROC5,CLMcom-CCLM4-8-17,rcp26,r1i1p1,v1,1970-01-01,2099-12-31,false,false,true,true,true,false,false,false,true,true,false,false,false,,,
260216,true,SM,sim.json,crop.json,site.json,true,dwd_core_ensemble,dwd_core_ensemble/csvs_dwd_core_ensemble,MIROC-MIROC5,CLMcom-CCLM4-8-17,rcp26,r1i1p1,v1,1970-01-01,2099-12-31,false,false,true,true,true,false,false,false,true,true,false,false,false,,,
260315,true,WW,sim.json,crop.json,site.json,true,dwd_core_ensemble,dwd_core_ensemble/csvs_dwd_core_ensemble,ICHEC-EC-EARTH,CLMcom-CCLM4-8-17,rcp26,r12i1p1,v1,1970-01-01,2099-12-31,false,false,true,true,true,false,false,false,true,true,false,false,false,,,
260316,true,SM,sim.json,crop.json,site.json,true,dwd_core_ensemble,dwd_core_ensemble/csvs_dwd_core_ensemble,ICHEC-EC-EARTH,CLMcom-CCLM4-8-17,rcp26,r12i1p1,v1,1970-01-01,2099-12-31,false,false,true,true,true,false,false,false,true,true,false,false,false,,,
450115,true,WW,sim.json,crop.json,site.json,true,dwd_core_ensemble,dwd_core_ensemble/csvs_dwd_core_ensemble,ICHEC-EC-EARTH,KNMI-RACMO22E,rcp45,r12i1p1,v1,1970-01-01,2099-12-31,false,false,true,true,true,false,false,false,true,true,false,false,false,,,
450116,true,SM,sim.json,crop.json,site.json,true,dwd_core_ensemble,dwd_core_ensemble/csvs_dwd_core_ensemble,ICHEC-EC-EARTH,KNMI-RACMO22E,rcp45,r12i1p1,v1,1970-01-01,2099-12-31,false,false,true,true,true,false,false,false,true,true,false,false,false,,,
450215,true,WW,sim.json,crop.json,site.json,true,dwd_core_ensemble,dwd_core_ensemble/csvs_dwd_core_ensemble,MOHC-HadGEM2-ES,KNMI-RACMO22E,rcp45,r1i1p1,v2,1970-01-01,2099-11-30,false,false,true,true,true,false,false,false,true,true,false,false,false,,,
450216,true,SM,sim.json,crop.json,site.json,true,dwd_core_ensemble,dwd_core_ensemble/csvs_dwd_core_ensemble,MOHC-HadGEM2-ES,KNMI-RACMO22E,rcp45,r1i1p1,v2,1970-01-01,2099-11-30,false,false,true,true,true,false,false,false,true,true,false,false,false,,,
450315,true,WW,sim.json,crop.json,site.json,true,dwd_core_ensemble,dwd_core_ensemble/csvs_dwd_core_ensemble,MPI-M-MPI-ESM-LR,CLMcom-CCLM4-8-17,rcp45,r1i1p1,v1,1970-01-01,2099-12-31,false,false,true,true,true,false,false,false,true,true,false,false,false,,,
450316,true,SM,sim.json,crop.json,site.json,true,dwd_core_ensemble,dwd_core_ensemble/csvs_dwd_core_ensemble,MPI-M-MPI-ESM-LR,CLMcom-CCLM4-8-17,rcp45,r1i1p1,v1,1970-01-01,2099-12-31,false,false,true,true,true,false,false,false,true,true,false,false,false,,,
450415,true,WW,sim.json,crop.json,site.json,true,dwd_core_ensemble,dwd_core_ensemble/csvs_dwd_core_ensemble,ICHEC-EC-EARTH,CLMcom-CCLM4-8-17,rcp45,r12i1p1,v1,1970-01-01,2099-12-31,false,false,true,true,true,false,false,false,true,true,false,false,false,,,
450416,true,SM,sim.json,crop.json,site.json,true,dwd_core_ensemble,dwd_core_ensemble/csvs_dwd_core_ensemble,ICHEC-EC-EARTH,CLMcom-CCLM4-8-17,rcp45,r12i1p1,v1,1970-01-01,2099-12-31,false,false,true,true,true,false,false,false,true,true,false,false,false,,,
850115,true,WW,sim.json,crop.json,site.json,true,dwd_core_ensemble,dwd_core_ensemble/csvs_dwd_core_ensemble,MIROC-MIROC5,CLMcom-CCLM4-8-17,rcp85,r1i1p1,v1,1970-01-01,2099-12-31,false,false,true,true,true,false,false,false,true,true,false,false,false,,,
850116,true,SM,sim.json,crop.json,site.json,true,dwd_core_ensemble,dwd_core_ensemble/csvs_dwd_core_ensemble,MIROC-MIROC5,CLMcom-CCLM4-8-17,rcp85,r1i1p1,v1,1970-01-01,2099-12-31,false,false,true,true,true,false,false,false,true,true,false,false,false,,,
850215,true,WW,sim.json,crop.json,site.json,true,dwd_core_ensemble,dwd_core_ensemble/csvs_dwd_core_ensemble,MOHC-HadGEM2-ES,KNMI-RACMO22E,rcp85,r1i1p1,v2,1970-01-01,2099-12-31,false,false,true,true,true,false,false,false,true,true,false,false,false,,,
850216,true,SM,sim.json,crop.json,site.json,true,dwd_core_ensemble,dwd_core_ensemble/csvs_dwd_core_ensemble,MOHC-HadGEM2-ES,KNMI-RACMO22E,rcp85,r1i1p1,v2,1970-01-01,2099-12-31,false,false,true,true,true,false,false,false,true,true,false,false,false,,,
850315,true,WW,sim.json,crop.json,site.json,true,dwd_core_ensemble,dwd_core_ensemble/csvs_dwd_core_ensemble,CCCma-CanESM2,CLMcom-CCLM4-8-17,rcp85,r1i1p1,v1,1970-01-01,2099-12-31,false,false,true,true,true,false,false,false,true,true,false,false,false,,,
850316,true,SM,sim.json,crop.json,site.json,true,dwd_core_ensemble,dwd_core_ensemble/csvs_dwd_core_ensemble,CCCma-CanESM2,CLMcom-CCLM4-8-17,rcp85,r1i1p1,v1,1970-01-01,2099-12-31,false,false,true,true,true,false,false,false,true,true,false,false,false,,,
850415,true,WW,sim.json,crop.json,site.json,true,dwd_core_ensemble,dwd_core_ensemble/csvs_dwd_core_ensemble,CCCma-CanESM2,GERICS-REMO2015,rcp85,r1i1p1,v1,1970-01-01,2099-12-31,false,false,true,true,true,false,false,false,true,true,false,false,false,,,
850416,true,SM,sim.json,crop.json,site.json,true,dwd_core_ensemble,dwd_core_ensemble/csvs_dwd_core_ensemble,CCCma-CanESM2,GERICS-REMO2015,rcp85,r1i1p1,v1,1970-01-01,2099-12-31,false,false,true,true,true,false,false,false,true,true,false,false,false,,,
850515,true,WW,sim.json,crop.json,site.json,true,dwd_core_ensemble,dwd_core_ensemble/csvs_dwd_core_ensemble,ICHEC-EC-EARTH,CLMcom-CCLM4-8-17,rcp85,r12i1p1,v1,1970-01-01,2099-12-31,false,false,true,true,true,false,false,false,true,true,false,false,false,,,
850516,true,SM,sim.json,crop.json,site.json,true,dwd_core_ensemble,dwd_core_ensemble/csvs_dwd_core_ensemble,ICHEC-EC-EARTH,CLMcom-CCLM4-8-17,rcp85,r12i1p1,v1,1970-01-01,2099-12-31,false,false,true,true,true,false,false,false,true,true,false,false,false,,,
850615,true,WW,sim.json,crop.json,site.json,true,dwd_core_ensemble,dwd_core_ensemble/csvs_dwd_core_ensemble,ICHEC-EC-EARTH,GERICS-REMO2015,rcp85,r12i1p1,v1,1970-01-01,2099-12-31,false,false,true,true,true,false,false,false,true,true,false,false,false,,,
850616,true,SM,sim.json,crop.json,site.json,true,dwd_core_ensemble,dwd_core_ensemble/csvs_dwd_core_ensemble,ICHEC-EC-EARTH,GERICS-REMO2015,rcp85,r12i1p1,v1,1970-01-01,2099-12-31,false,false,true,true,true,false,false,false,true,true,false,false,false,,,
260415,true,WW,sim.json,crop.json,site.json,true,dwd_core_ensemble,dwd_core_ensemble/csvs_dwd_core_ensemble,ICHEC-EC-EARTH,KNMI-RACMO22E,rcp26,r12i1p1,v1,1970-01-01,2099-12-31,false,false,true,true,true,false,false,false,true,true,false,false,false,,,
260416,true,SM,sim.json,crop.json,site.json,true,dwd_core_ensemble,dwd_core_ensemble/csvs_dwd_core_ensemble,ICHEC-EC-EARTH,KNMI-RACMO22E,rcp26,r12i1p1,v1,1970-01-01,2099-12-31,false,false,true,true,true,false,false,false,true,true,false,false,false,,,
450515,true,WW,sim.json,crop.json,site.json,true,dwd_core_ensemble,dwd_core_ensemble/csvs_dwd_core_ensemble,ICHEC-EC-EARTH,KNMI-RACMO22E,rcp45,r1i1p1,v1,1970-01-01,2099-12-31,false,false,true,true,true,false,false,false,true,true,false,false,false,,,
450516,true,SM,sim.json,crop.json,site.json,true,dwd_core_ensemble,dwd_core_ensemble/csvs_dwd_core_ensemble,ICHEC-EC-EARTH,KNMI-RACMO22E,rcp45,r1i1p1,v1,1970-01-01,2099-12-31,false,false,true,true,true,false,false,false,true,true,false,false,false,,,
850715,true,WW,sim.json,crop.json,site.json,true,dwd_core_ensemble,dwd_core_ensemble/csvs_dwd_core_ensemble,ICHEC-EC-EARTH,KNMI-RACMO22E,rcp85,r1i1p1,v1,1970-01-01,2099-12-31,false,false,true,true,true,false,false,false,true,true,false,false,false,,,
850716,true,SM,sim.json,crop.json,site.json,true,dwd_core_ensemble,dwd_core_ensemble/csvs_dwd_core_ensemble,ICHEC-EC-EARTH,KNMI-RACMO22E,rcp85,r1i1p1,v1,1970-01-01,2099-12-31,false,false,true,true,true,false,false,false,true,true,false,false,false,,,
850815,true,WW,sim.json,crop.json,site.json,true,dwd_core_ensemble,dwd_core_ensemble/csvs_dwd_core_ensemble,ICHEC-EC-EARTH,KNMI-RACMO22E,rcp85,r12i1p1,v1,1970-01-01,2099-12-31,false,false,true,true,true,false,false,false,true,true,false,false,false,,,
850816,true,SM,sim.json,crop.json,site.json,true,dwd_core_ensemble,dwd_core_ensemble/csvs_dwd_core_ensemble,ICHEC-EC-EARTH,KNMI-RACMO22E,rcp85,r12i1p1,v1,1970-01-01,2099-12-31,false,false,true,true,true,false,false,false,true,true,false,false,false,,,
260515,true,WW,sim.json,crop.json,site.json,true,dwd_core_ensemble,dwd_core_ensemble/csvs_dwd_core_ensemble,ICHEC-EC-EARTH,SMHI-RCA4,rcp26,r12i1p1,v1,1970-01-01,2099-12-31,false,false,true,true,true,false,false,false,true,true,false,false,false,,,
260516,true,SM,sim.json,crop.json,site.json,true,dwd_core_ensemble,dwd_core_ensemble/csvs_dwd_core_ensemble,ICHEC-EC-EARTH,SMHI-RCA4,rcp26,r12i1p1,v1,1970-01-01,2099-12-31,false,false,true,true,true,false,false,false,true,true,false,false,false,,,
450615,true,WW,sim.json,crop.json,site.json,true,dwd_core_ensemble,dwd_core_ensemble/csvs_dwd_core_ensemble,ICHEC-EC-EARTH,SMHI-RCA4,rcp45,r12i1p1,v1,1970-01-01,2099-12-31,false,false,true,true,true,false,false,false,true,true,false,false,false,,,
450616,true,SM,sim.json,crop.json,site.json,true,dwd_core_ensemble,dwd_core_ensemble/csvs_dwd_core_ensemble,ICHEC-EC-EARTH,SMHI-RCA4,rcp45,r12i1p1,v1,1970-01-01,2099-12-31,false,false,true,true,true,false,false,false,true,true,false,false,false,,,
850915,true,WW,sim.json,crop.json,site.json,true,dwd_core_ensemble,dwd_core_ensemble/csvs_dwd_core_ensemble,ICHEC-EC-EARTH,SMHI-RCA4,rcp85,r12i1p1,v1,1970-01-01,2099-12-31,false,false,true,true,true,false,false,false,true,true,false,false,false,,,
850916,true,SM,sim.json,crop.json,site.json,true,dwd_core_ensemble,dwd_core_ensemble/csvs_dwd_core_ensemble,ICHEC-EC-EARTH,SMHI-RCA4,rcp85,r12i1p1,v1,1970-01-01,2099-12-31,false,false,true,true,true,false,false,false,true,true,false,false,false,,,
450715,true,WW,sim.json,crop.json,site.json,true,dwd_core_ensemble,dwd_core_ensemble/csvs_dwd_core_ensemble,IPSL-IPSL-CM5A-MR,SMHI-RCA4,rcp45,r1i1p1,v1,1970-01-01,2099-12-31,false,false,true,true,true,false,false,false,true,true,false,false,false,,,
450716,true,SM,sim.json,crop.json,site.json,true,dwd_core_ensemble,dwd_core_ensemble/csvs_dwd_core_ensemble,IPSL-IPSL-CM5A-MR,SMHI-RCA4,rcp45,r1i1p1,v1,1970-01-01,2099-12-31,false,false,true,true,true,false,false,false,true,true,false,false,false,,,
851015,true,WW,sim.json,crop.json,site.json,true,dwd_core_ensemble,dwd_core_ensemble/csvs_dwd_core_ensemble,IPSL-IPSL-CM5A-MR,SMHI-RCA4,rcp85,r1i1p1,v1,1970-01-01,2099-12-31,false,false,true,true,true,false,false,false,true,true,false,false,false,,,
851016,true,SM,sim.json,crop.json,site.json,true,dwd_core_ensemble,dwd_core_ensemble/csvs_dwd_core_ensemble,IPSL-IPSL-CM5A-MR,SMHI-RCA4,rcp85,r1i1p1,v1,1970-01-01,2099-12-31,false,false,true,true,true,false,false,false,true,true,false,false,false,,,
851115,true,WW,sim.json,crop.json,site.json,true,dwd_core_ensemble,dwd_core_ensemble/csvs_dwd_core_ensemble,MIROC-MIROC5,GERICS-REMO2015,rcp85,r1i1p1,v1,1970-01-01,2099-12-31,false,false,true,true,true,false,false,false,true,true,false,false,false,,,
851116,true,SM,sim.json,crop.json,site.json,true,dwd_core_ensemble,dwd_core_ensemble/csvs_dwd_core_ensemble,MIROC-MIROC5,GERICS-REMO2015,rcp85,r1i1p1,v1,1970-01-01,2099-12-31,false,false,true,true,true,false,false,false,true,true,false,false,false,,,
450815,true,WW,sim.json,crop.json,site.json,true,dwd_core_ensemble,dwd_core_ensemble/csvs_dwd_core_ensemble,MOHC-HadGEM2-ES,CLMcom-CCLM4-8-17,rcp45,r1i1p1,v1,1970-01-01,2099-11-30,false,false,true,true,true,false,false,false,true,true,false,false,false,,,
450816,true,SM,sim.json,crop.json,site.json,true,dwd_core_ensemble,dwd_core_ensemble/csvs_dwd_core_ensemble,MOHC-HadGEM2-ES,CLMcom-CCLM4-8-17,rcp45,r1i1p1,v1,1970-01-01,2099-11-30,false,false,true,true,true,false,false,false,true,true,false,false,false,,,
851215,true,WW,sim.json,crop.json,site.json,true,dwd_core_ensemble,dwd_core_ensemble/csvs_dwd_core_ensemble,MOHC-HadGEM2-ES,CLMcom-CCLM4-8-17,rcp85,r1i1p1,v1,1970-01-01,2099-12-31,false,false,true,true,true,false,false,false,true,true,false,false,false,,,
851216,true,SM,sim.json,crop.json,site.json,true,dwd_core_ensemble,dwd_core_ensemble/csvs_dwd_core_ensemble,MOHC-HadGEM2-ES,CLMcom-CCLM4-8-17,rcp85,r1i1p1,v1,1970-01-01,2099-12-31,false,false,true,true,true,false,false,false,true,true,false,false,false,,,
851315,true,WW,sim.json,crop.json,site.json,true,dwd_core_ensemble,dwd_core_ensemble/csvs_dwd_core_ensemble,MOHC-HadGEM2-ES,GERICS-REMO2015,rcp85,r1i1p1,v1,1970-01-01,2099-12-31,false,false,true,true,true,false,false,false,true,true,false,false,false,,,
851316,true,SM,sim.json,crop.json,site.json,true,dwd_core_ensemble,dwd_core_ensemble/csvs_dwd_core_ensemble,MOHC-HadGEM2-ES,GERICS-REMO2015,rcp85,r1i1p1,v1,1970-01-01,2099-12-31,false,false,true,true,true,false,false,false,true,true,false,false,false,,,
260615,true,WW,sim.json,crop.json,site.json,true,dwd_core_ensemble,dwd_core_ensemble/csvs_dwd_core_ensemble,MOHC-HadGEM2-ES,SMHI-RCA4,rcp26,r1i1p1,v1,1970-01-01,2099-12-31,false,false,true,true,true,false,false,false,true,true,false,false,false,,,
260616,true,SM,sim.json,crop.json,site.json,true,dwd_core_ensemble,dwd_core_ensemble/csvs_dwd_core_ensemble,MOHC-HadGEM2-ES,SMHI-RCA4,rcp26,r1i1p1,v1,1970-01-01,2099-12-31,false,false,true,true,true,false,false,false,true,true,false,false,false,,,
450915,true,WW,sim.json,crop.json,site.json,true,dwd_core_ensemble,dwd_core_ensemble/csvs_dwd_core_ensemble,MOHC-HadGEM2-ES,SMHI-RCA4,rcp45,r1i1p1,v1,1970-01-01,2099-11-30,false,false,true,true,true,false,false,false,true,true,false,false,false,,,
450916,true,SM,sim.json,crop.json,site.json,true,dwd_core_ensemble,dwd_core_ensemble/csvs_dwd_core_ensemble,MOHC-HadGEM2-ES,SMHI-RCA4,rcp45,r1i1p1,v1,1970-01-01,2099-11-30,false,false,true,true,true,false,false,false,true,true,false,false,false,,,
851415,true,WW,sim.json,crop.json,site.json,true,dwd_core_ensemble,dwd_core_ensemble/csvs_dwd_core_ensemble,MOHC-HadGEM2-ES,SMHI-RCA4,rcp85,r1i1p1,v1,1970-01-01,2099-12-31,false,false,true,true,true,false,false,false,true,true,false,false,false,,,
851416,true,SM,sim.json,crop.json,site.json,true,dwd_core_ensemble,dwd_core_ensemble/csvs_dwd_core_ensemble,MOHC-HadGEM2-ES,SMHI-RCA4,rcp85,r1i1p1,v1,1970-01-01,2099-12-31,false,false,true,true,true,false,false,false,true,true,false,false,false,,,
851515,true,WW,sim.json,crop.json,site.json,true,dwd_core_ensemble,dwd_core_ensemble/csvs_dwd_core_ensemble,MOHC-HadGEM2-ES,UHOH-WRF361H,rcp85,r1i1p1,v1,1970-01-01,2099-12-31,false,false,true,true,true,false,false,false,true,true,false,false,false,,,
851516,true,SM,sim.json,crop.json,site.json,true,dwd_core_ensemble,dwd_core_ensemble/csvs_dwd_core_ensemble,MOHC-HadGEM2-ES,UHOH-WRF361H,rcp85,r1i1p1,v1,1970-01-01,2099-12-31,false,false,true,true,true,false,false,false,true,true,false,false,false,,,
851615,true,WW,sim.json,crop.json,site.json,true,dwd_core_ensemble,dwd_core_ensemble/csvs_dwd_core_ensemble,MPI-M-MPI-ESM-LR,CLMcom-CCLM4-8-17,rcp85,r1i1p1,v1,1970-01-01,2099-12-31,false,false,true,true,true,false,false,false,true,true,false,false,false,,,
851616,true,SM,sim.json,crop.json,site.json,true,dwd_core_ensemble,dwd_core_ensemble/csvs_dwd_core_ensemble,MPI-M-MPI-ESM-LR,CLMcom-CCLM4-8-17,rcp85,r1i1p1,v1,1970-01-01,2099-12-31,false,false,true,true,true,false,false,false,true,true,false,false,false,,,
260715,true,WW,sim.json,crop.json,site.json,true,dwd_core_ensemble,dwd_core_ensemble/csvs_dwd_core_ensemble,MPI-M-MPI-ESM-LR,MPI-CSC-REMO2009,rcp26,r1i1p1,v1,1970-01-01,2099-12-31,false,false,true,true,true,false,false,false,true,true,false,false,false,,,
260716,true,SM,sim.json,crop.json,site.json,true,dwd_core_ensemble,dwd_core_ensemble/csvs_dwd_core_ensemble,MPI-M-MPI-ESM-LR,MPI-CSC-REMO2009,rcp26,r1i1p1,v1,1970-01-01,2099-12-31,false,false,true,true,true,false,false,false,true,true,false,false,false,,,
260815,true,WW,sim.json,crop.json,site.json,true,dwd_core_ensemble,dwd_core_ensemble/csvs_dwd_core_ensemble,MPI-M-MPI-ESM-LR,MPI-CSC-REMO2009,rcp26,r2i1p1,v1,1970-01-01,2099-12-31,false,false,true,true,true,false,false,false,true,true,false,false,false,,,
260816,true,SM,sim.json,crop.json,site.json,true,dwd_core_ensemble,dwd_core_ensemble/csvs_dwd_core_ensemble,MPI-M-MPI-ESM-LR,MPI-CSC-REMO2009,rcp26,r2i1p1,v1,1970-01-01,2099-12-31,false,false,true,true,true,false,false,false,true,true,false,false,false,,,
451015,true,WW,sim.json,crop.json,site.json,true,dwd_core_ensemble,dwd_core_ensemble/csvs_dwd_core_ensemble,MPI-M-MPI-ESM-LR,MPI-CSC-REMO2009,rcp45,r1i1p1,v1,1970-01-01,2099-12-31,false,false,true,true,true,false,false,false,true,true,false,false,false,,,
451016,true,SM,sim.json,crop.json,site.json,true,dwd_core_ensemble,dwd_core_ensemble/csvs_dwd_core_ensemble,MPI-M-MPI-ESM-LR,MPI-CSC-REMO2009,rcp45,r1i1p1,v1,1970-01-01,2099-12-31,false,false,true,true,true,false,false,false,true,true,false,false,false,,,
451115,true,WW,sim.json,crop.json,site.json,true,dwd_core_ensemble,dwd_core_ensemble/csvs_dwd_core_ensemble,MPI-M-MPI-ESM-LR,MPI-CSC-REMO2009,rcp45,r2i1p1,v1,1970-01-01,2099-12-31,false,false,true,true,true,false,false,false,true,true,false,false,false,,,
451116,true,SM,sim.json,crop.json,site.json,true,dwd_core_ensemble,dwd_core_ensemble/csvs_dwd_core_ensemble,MPI-M-MPI-ESM-LR,MPI-CSC-REMO2009,rcp45,r2i1p1,v1,1970-01-01,2099-12-31,false,false,true,true,true,false,false,false,true,true,false,false,false,,,
851715,true,WW,sim.json,crop.json,site.json,true,dwd_core_ensemble,dwd_core_ensemble/csvs_dwd_core_ensemble,MPI-M-MPI-ESM-LR,MPI-CSC-REMO2009,rcp85,r1i1p1,v1,1970-01-01,2099-12-31,false,false,true,true,true,false,false,false,true,true,false,false,false,,,
851716,true,SM,sim.json,crop.json,site.json,true,dwd_core_ensemble,dwd_core_ensemble/csvs_dwd_core_ensemble,MPI-M-MPI-ESM-LR,MPI-CSC-REMO2009,rcp85,r1i1p1,v1,1970-01-01,2099-12-31,false,false,true,true,true,false,false,false,true,true,false,false,false,,,
851815,true,WW,sim.json,crop.json,site.json,true,dwd_core_ensemble,dwd_core_ensemble/csvs_dwd_core_ensemble,MPI-M-MPI-ESM-LR,MPI-CSC-REMO2009,rcp85,r2i1p1,v1,1970-01-01,2099-12-31,false,false,true,true,true,false,false,false,true,true,false,false,false,,,
851816,true,SM,sim.json,crop.json,site.json,true,dwd_core_ensemble,dwd_core_ensemble/csvs_dwd_core_ensemble,MPI-M-MPI-ESM-LR,MPI-CSC-REMO2009,rcp85,r2i1p1,v1,1970-01-01,2099-12-31,false,false,true,true,true,false,false,false,true,true,false,false,false,,,
260915,true,WW,sim.json,crop.json,site.json,true,dwd_core_ensemble,dwd_core_ensemble/csvs_dwd_core_ensemble,MPI-M-MPI-ESM-LR,SMHI-RCA4,rcp26,r1i1p1,v1a,1970-01-01,2099-12-31,false,false,true,true,true,false,false,false,true,true,false,false,false,,,
260916,true,SM,sim.json,crop.json,site.json,true,dwd_core_ensemble,dwd_core_ensemble/csvs_dwd_core_ensemble,MPI-M-MPI-ESM-LR,SMHI-RCA4,rcp26,r1i1p1,v1a,1970-01-01,2099-12-31,false,false,true,true,true,false,false,false,true,true,false,false,false,,,
451215,true,WW,sim.json,crop.json,site.json,true,dwd_core_ensemble,dwd_core_ensemble/csvs_dwd_core_ensemble,MPI-M-MPI-ESM-LR,SMHI-RCA4,rcp45,r1i1p1,v1a,1970-01-01,2099-12-31,false,false,true,true,true,false,false,false,true,true,false,false,false,,,
451216,true,SM,sim.json,crop.json,site.json,true,dwd_core_ensemble,dwd_core_ensemble/csvs_dwd_core_ensemble,MPI-M-MPI-ESM-LR,SMHI-RCA4,rcp45,r1i1p1,v1a,1970-01-01,2099-12-31,false,false,true,true,true,false,false,false,true,true,false,false,false,,,
851915,true,WW,sim.json,crop.json,site.json,true,dwd_core_ensemble,dwd_core_ensemble/csvs_dwd_core_ensemble,MPI-M-MPI-ESM-LR,SMHI-RCA4,rcp85,r1i1p1,v1a,1970-01-01,2099-12-31,false,false,true,true,true,false,false,false,true,true,false,false,false,,,
851916,true,SM,sim.json,crop.json,site.json,true,dwd_core_ensemble,dwd_core_ensemble/csvs_dwd_core_ensemble,MPI-M-MPI-ESM-LR,SMHI-RCA4,rcp85,r1i1p1,v1a,1970-01-01,2099-12-31,false,false,true,true,true,false,false,false,true,true,false,false,false,,,
261015,true,WW,sim.json,crop.json,site.json,true,dwd_core_ensemble,dwd_core_ensemble/csvs_dwd_core_ensemble,MPI-M-MPI-ESM-LR,UHOH-WRF361H,rcp26,r1i1p1,v1,1970-01-01,2099-12-31,false,false,true,true,true,false,false,false,true,true,false,false,false,,,
261016,true,SM,sim.json,crop.json,site.json,true,dwd_core_ensemble,dwd_core_ensemble/csvs_dwd_core_ensemble,MPI-M-MPI-ESM-LR,UHOH-WRF361H,rcp26,r1i1p1,v1,1970-01-01,2099-12-31,false,false,true,true,true,false,false,false,true,true,false,false,false,,,
852015,true,WW,sim.json,crop.json,site.json,true,dwd_core_ensemble,dwd_core_ensemble/csvs_dwd_core_ensemble,MPI-M-MPI-ESM-LR,UHOH-WRF361H,rcp85,r1i1p1,v1,1970-01-01,2099-12-31,false,false,true,true,true,false,false,false,true,true,false,false,false,,,
852016,true,SM,sim.json,crop.json,site.json,true,dwd_core_ensemble,dwd_core_ensemble/csvs_dwd_core_ensemble,MPI-M-MPI-ESM-LR,UHOH-WRF361H,rcp85,r1i1p1,v1,1970-01-01,2099-12-31,false,false,true,true,true,false,false,false,true,true,false,false,false,,,
